Daily update: Wed Oct 22 14:49:54 UTC 2025
Daily update: Wed Oct 22 14:55:46 UTC 2025
Daily update: Wed Oct 22 21:39:18 UTC 2025
Daily update: Thu Oct 23 21:40:23 UTC 2025
Daily update: Fri Oct 24 21:39:26 UTC 2025
Daily update: Sat Oct 25 21:38:55 UTC 2025
Daily update: Sun Oct 26 21:38:54 UTC 2025
Daily update: Mon Oct 27 21:39:39 UTC 2025
Daily update: Tue Oct 28 21:40:28 UTC 2025
Daily update: Wed Oct 29 21:40:25 UTC 2025
Daily update: Thu Oct 30 21:40:21 UTC 2025
Daily update: Fri Oct 31 21:39:04 UTC 2025
Daily update: Sat Nov  1 21:38:32 UTC 2025
Daily update: Sun Nov  2 21:38:49 UTC 2025
Daily update: Mon Nov  3 21:40:19 UTC 2025
